{
  "model": "gpt-4o-mini",
  "dataset": "/Users/patrick/obsidian-notes/mestrado/disciplinas/reprodutibilidade-em-pesquisa/projeto-etapa-2/A-mem/data/locomo_smoke_min.json",
  "memory_layer": "robust",
  "total_questions": 3,
  "category_distribution": {
    "2": 2,
    "3": 1
  },
  "aggregate_metrics": {
    "overall": {
      "exact_match": {
        "mean": 0,
        "std": 0.0,
        "median": 0,
        "min": 0,
        "max": 0,
        "count": 3
      },
      "f1": {
        "mean": 0.2222222222222222,
        "std": 0.38490017945975047,
        "median": 0.0,
        "min": 0.0,
        "max": 0.6666666666666666,
        "count": 3
      },
      "rouge1_f": {
        "mean": 0.2222222222222222,
        "std": 0.38490017945975047,
        "median": 0.0,
        "min": 0.0,
        "max": 0.6666666666666666,
        "count": 3
      },
      "rouge2_f": {
        "mean": 0.16666666666666666,
        "std": 0.28867513459481287,
        "median": 0.0,
        "min": 0.0,
        "max": 0.5,
        "count": 3
      },
      "rougeL_f": {
        "mean": 0.2222222222222222,
        "std": 0.38490017945975047,
        "median": 0.0,
        "min": 0.0,
        "max": 0.6666666666666666,
        "count": 3
      },
      "bleu1": {
        "mean": 0.19444444444444445,
        "std": 0.26787918780535985,
        "median": 0.08333333333333333,
        "min": 0,
        "max": 0.5,
        "count": 3
      },
      "bleu2": {
        "mean": 0.052207846333913205,
        "std": 0.06799729688658934,
        "median": 0.027524094128159027,
        "min": 0,
        "max": 0.12909944487358058,
        "count": 3
      },
      "bleu3": {
        "mean": 0.03892712685033725,
        "std": 0.05077116510542029,
        "median": 0.020427282860665447,
        "min": 0,
        "max": 0.09635409769034631,
        "count": 3
      },
      "bleu4": {
        "mean": 0.03752582175269199,
        "std": 0.05096212723043047,
        "median": 0.017033186037639283,
        "min": 0,
        "max": 0.09554427922043669,
        "count": 3
      },
      "bert_precision": {
        "mean": 0.9110762675603231,
        "std": 0.06777548803463652,
        "median": 0.9163990020751953,
        "min": 0.8407963514328003,
        "max": 0.9760334491729736,
        "count": 3
      },
      "bert_recall": {
        "mean": 0.8887026309967041,
        "std": 0.08142360447881816,
        "median": 0.8599590063095093,
        "min": 0.8255492448806763,
        "max": 0.9805996417999268,
        "count": 3
      },
      "bert_f1": {
        "mean": 0.8995655576388041,
        "std": 0.07337922987503533,
        "median": 0.8872823715209961,
        "min": 0.8331030607223511,
        "max": 0.9783112406730652,
        "count": 3
      },
      "meteor": {
        "mean": 0.05555555555555555,
        "std": 0.09622504486493762,
        "median": 0.0,
        "min": 0.0,
        "max": 0.16666666666666666,
        "count": 3
      },
      "sbert_similarity": {
        "mean": 0.45924943685531616,
        "std": 0.37933041124339034,
        "median": 0.27495014667510986,
        "min": 0.20728152990341187,
        "max": 0.8955166339874268,
        "count": 3
      }
    },
    "category_2": {
      "exact_match": {
        "mean": 0,
        "std": 0.0,
        "median": 0.0,
        "min": 0,
        "max": 0,
        "count": 2
      },
      "f1": {
        "mean": 0.3333333333333333,
        "std": 0.4714045207910317,
        "median": 0.3333333333333333,
        "min": 0.0,
        "max": 0.6666666666666666,
        "count": 2
      },
      "rouge1_f": {
        "mean": 0.3333333333333333,
        "std": 0.4714045207910317,
        "median": 0.3333333333333333,
        "min": 0.0,
        "max": 0.6666666666666666,
        "count": 2
      },
      "rouge2_f": {
        "mean": 0.25,
        "std": 0.3535533905932738,
        "median": 0.25,
        "min": 0.0,
        "max": 0.5,
        "count": 2
      },
      "rougeL_f": {
        "mean": 0.3333333333333333,
        "std": 0.4714045207910317,
        "median": 0.3333333333333333,
        "min": 0.0,
        "max": 0.6666666666666666,
        "count": 2
      },
      "bleu1": {
        "mean": 0.25,
        "std": 0.3535533905932738,
        "median": 0.25,
        "min": 0,
        "max": 0.5,
        "count": 2
      },
      "bleu2": {
        "mean": 0.06454972243679029,
        "std": 0.09128709291752769,
        "median": 0.06454972243679029,
        "min": 0,
        "max": 0.12909944487358058,
        "count": 2
      },
      "bleu3": {
        "mean": 0.048177048845173154,
        "std": 0.06813263587195494,
        "median": 0.048177048845173154,
        "min": 0,
        "max": 0.09635409769034631,
        "count": 2
      },
      "bleu4": {
        "mean": 0.047772139610218346,
        "std": 0.06756000774035173,
        "median": 0.047772139610218346,
        "min": 0,
        "max": 0.09554427922043669,
        "count": 2
      },
      "bert_precision": {
        "mean": 0.9462162256240845,
        "std": 0.042167921935149476,
        "median": 0.9462162256240845,
        "min": 0.9163990020751953,
        "max": 0.9760334491729736,
        "count": 2
      },
      "bert_recall": {
        "mean": 0.920279324054718,
        "std": 0.08530581144192867,
        "median": 0.920279324054718,
        "min": 0.8599590063095093,
        "max": 0.9805996417999268,
        "count": 2
      },
      "bert_f1": {
        "mean": 0.9327968060970306,
        "std": 0.06436713066117099,
        "median": 0.9327968060970306,
        "min": 0.8872823715209961,
        "max": 0.9783112406730652,
        "count": 2
      },
      "meteor": {
        "mean": 0.08333333333333333,
        "std": 0.11785113019775792,
        "median": 0.08333333333333333,
        "min": 0.0,
        "max": 0.16666666666666666,
        "count": 2
      },
      "sbert_similarity": {
        "mean": 0.5513990819454193,
        "std": 0.48665570914843626,
        "median": 0.5513990819454193,
        "min": 0.20728152990341187,
        "max": 0.8955166339874268,
        "count": 2
      }
    },
    "category_3": {
      "exact_match": {
        "mean": 0,
        "std": 0.0,
        "median": 0,
        "min": 0,
        "max": 0,
        "count": 1
      },
      "f1": {
        "mean": 0.0,
        "std": 0.0,
        "median": 0.0,
        "min": 0.0,
        "max": 0.0,
        "count": 1
      },
      "rouge1_f": {
        "mean": 0.0,
        "std": 0.0,
        "median": 0.0,
        "min": 0.0,
        "max": 0.0,
        "count": 1
      },
      "rouge2_f": {
        "mean": 0.0,
        "std": 0.0,
        "median": 0.0,
        "min": 0.0,
        "max": 0.0,
        "count": 1
      },
      "rougeL_f": {
        "mean": 0.0,
        "std": 0.0,
        "median": 0.0,
        "min": 0.0,
        "max": 0.0,
        "count": 1
      },
      "bleu1": {
        "mean": 0.08333333333333333,
        "std": 0.0,
        "median": 0.08333333333333333,
        "min": 0.08333333333333333,
        "max": 0.08333333333333333,
        "count": 1
      },
      "bleu2": {
        "mean": 0.027524094128159027,
        "std": 0.0,
        "median": 0.027524094128159027,
        "min": 0.027524094128159027,
        "max": 0.027524094128159027,
        "count": 1
      },
      "bleu3": {
        "mean": 0.020427282860665447,
        "std": 0.0,
        "median": 0.020427282860665447,
        "min": 0.020427282860665447,
        "max": 0.020427282860665447,
        "count": 1
      },
      "bleu4": {
        "mean": 0.017033186037639283,
        "std": 0.0,
        "median": 0.017033186037639283,
        "min": 0.017033186037639283,
        "max": 0.017033186037639283,
        "count": 1
      },
      "bert_precision": {
        "mean": 0.8407963514328003,
        "std": 0.0,
        "median": 0.8407963514328003,
        "min": 0.8407963514328003,
        "max": 0.8407963514328003,
        "count": 1
      },