retrieve_k,duration_seconds_mean,duration_seconds_sd,total_tokens_mean,total_tokens_sd,estimated_cost_usd_mean,estimated_cost_usd_sd
3,1034.447400,737.325180,370800.400000,3873.857161,0.054881,0.002277
5,1316.178200,840.796826,652938.600000,14768.794071,0.096971,0.002309
10,1313.490200,771.535624,1278731.200000,34550.561713,0.189183,0.006004
