sample_id,total_blocks,replicate_id,retrieve_k,questions,mean_f1
0,5,R1,3,199,0.285782
0,5,R1,5,199,0.298375
0,5,R1,10,199,0.368572
0,5,R2,3,199,0.268918
0,5,R2,5,199,0.295452
0,5,R2,10,199,0.344494
0,5,R3,3,199,0.259816
0,5,R3,5,199,0.281994
0,5,R3,10,199,0.384708
0,5,R4,3,199,0.259900
0,5,R4,5,199,0.276743
0,5,R4,10,199,0.346144
0,5,R5,3,199,0.263734
0,5,R5,5,199,0.318922
0,5,R5,10,199,0.374236
